Street Name,Glassboro,North,South,Sicklerville,Clayton,
Glassboro,0,0.034632035,0.437229437,0.476190476,0.051948052,
North,0.089385475,0,0.391061453,0.357541899,0.162011173,
South,0.261603376,0.493670886,0,0.092827004,0.151898734,
Sicklerville,0.244444444,0.12962963,0.218518519,0,0.407407407,
Clayton,0.030973451,0.181415929,0.163716814,0.623893805,0,
